id,first_name,last_name,email,gender,ip_address
1,Ade,Inseal,ainseal0@instagram.com,Male,216.136.28.177
2,Natty,Barrett,nbarrett1@huffingtonpost.com,Male,217.87.26.214
3,Otis,Ternouth,oternouth2@shareasale.com,Male,30.245.249.62
4,Valerie,Shillum,vshillum3@ocn.ne.jp,Female,194.128.49.216
5,Sammy,Parrish,sparrish4@irs.gov,Male,208.26.122.199
6,Mead,Turk,mturk5@utexas.edu,Female,114.109.48.211
7,Gratiana,Legh,glegh6@google.co.uk,Female,80.19.117.89
8,Isadore,Taynton,itaynton7@tripadvisor.com,Male,219.246.105.112
9,Abe,Lodemann,alodemann8@tamu.edu,Male,226.203.225.151
10,Darcey,Claessens,dclaessens9@so-net.ne.jp,Female,146.152.236.169
11,Oralie,Stanyon,ostanyona@sphinn.com,Female,218.118.45.41
12,Evangeline,Edmans,eedmansb@reuters.com,Female,231.255.166.94
13,Grady,Bourget,gbourgetc@diigo.com,Male,164.205.198.242
14,Taffy,Caesar,tcaesard@yolasite.com,Female,110.244.76.62
15,Teresa,Pedlar,tpedlare@feedburner.com,Female,207.186.116.228
16,Claudianus,Dennert,cdennertf@google.com.br,Male,149.230.124.154
17,Sibylla,Kimberly,skimberlyg@alibaba.com,Female,6.235.119.170
18,Matias,Ends,mendsh@technorati.com,Male,67.135.149.96
19,Brucie,Sales,bsalesi@nytimes.com,Male,230.188.243.102
20,Krishnah,Regis,kregisj@yale.edu,Male,20.25.174.30
21,Mei,Clegg,mcleggk@topsy.com,Female,252.200.53.221
22,Alina,Smithin,asmithinl@zimbio.com,Female,68.105.226.1
23,Rona,Woofendell,rwoofendellm@twitter.com,Female,8.252.135.212
24,Carolan,Menpes,cmenpesn@woothemes.com,Female,18.127.250.65
25,Harriet,Cloney,hcloneyo@icio.us,Female,168.216.193.66
26,Tomlin,Drynan,tdrynanp@wired.com,Male,144.83.131.50
27,Analiese,McIlvenna,amcilvennaq@omniture.com,Female,156.37.247.157
28,Julissa,Vellacott,jvellacottr@webs.com,Female,108.66.125.172
29,Cal,Bister,cbisters@cnet.com,Female,217.172.223.123
30,Moll,Montfort,mmontfortt@hp.com,Female,63.144.38.78
31,Claiborne,Filipov,cfilipovu@ihg.com,Male,52.189.97.200
32,Roshelle,MacCallam,rmaccallamv@oakley.com,Female,61.173.54.213
33,Eduino,Cakes,ecakesw@netscape.com,Male,58.49.241.213
34,Ruperto,Coleford,rcolefordx@tiny.cc,Male,130.72.97.101
35,Donella,Duignan,dduignany@va.gov,Female,106.228.30.197
36,Gilbert,Gibbings,ggibbingsz@state.tx.us,Male,73.59.65.196
37,Julio,Armell,jarmell10@reuters.com,Male,189.189.131.135
38,Didi,Mingey,dmingey11@google.cn,Female,47.160.217.119
39,Marlie,Handley,mhandley12@ebay.co.uk,Female,171.20.108.137
40,Orv,Vreiberg,ovreiberg13@example.com,Male,198.180.125.174
41,Christiano,Dilliston,cdilliston14@utexas.edu,Male,12.200.249.140
42,Ruthanne,Patnelli,rpatnelli15@about.com,Female,255.102.89.195
43,Vladimir,Favelle,vfavelle16@weather.com,Male,129.4.94.17
44,Shaun,Simonsen,ssimonsen17@xinhuanet.com,Female,127.24.67.221
45,Rossie,Credland,rcredland18@ifeng.com,Male,48.213.144.1
46,Freida,Catonne,fcatonne19@aol.com,Female,156.222.159.76
47,Isaac,Gelletly,igelletly1a@google.de,Male,192.195.25.30
48,Nicky,Chidgey,nchidgey1b@mashable.com,Male,212.7.84.48
49,Conant,King,cking1c@sciencedaily.com,Male,110.191.22.89
50,Myrtle,Flatt,mflatt1d@nationalgeographic.com,Female,84.193.171.116
51,Leslie,Shawyer,lshawyer1e@alibaba.com,Male,79.122.183.183
52,Vergil,Semper,vsemper1f@usda.gov,Male,75.79.64.96
53,Taddeusz,Shapera,tshapera1g@ow.ly,Male,3.249.182.192
54,Loy,Meekings,lmeekings1h@qq.com,Male,52.167.101.229
55,Auberon,Pinar,apinar1i@163.com,Male,3.129.127.161
56,Berti,Pritchitt,bpritchitt1j@addthis.com,Male,197.244.184.170
57,Tybalt,Briscam,tbriscam1k@topsy.com,Male,148.45.108.160
58,Bridie,Morefield,bmorefield1l@abc.net.au,Female,240.185.8.154
59,Donalt,Aujean,daujean1m@army.mil,Male,75.73.113.233
60,Guglielma,Iveagh,giveagh1n@utexas.edu,Female,210.228.125.31
61,Natasha,McCrum,nmccrum1o@wikipedia.org,Female,209.151.145.190
62,Zeke,Fyrth,zfyrth1p@baidu.com,Male,107.140.101.239
63,Josiah,Dorcey,jdorcey1q@reuters.com,Male,192.221.142.82
64,Ciel,Rumbelow,crumbelow1r@telegraph.co.uk,Female,230.141.39.209
65,Lancelot,Sendley,lsendley1s@godaddy.com,Male,173.137.44.27
66,Amelie,Shyre,ashyre1t@utexas.edu,Female,245.68.243.29
67,Linoel,Thexton,lthexton1u@canalblog.com,Male,53.108.212.5
68,Delmor,Grimwood,dgrimwood1v@list-manage.com,Male,24.116.224.91
69,Fredericka,Prestwich,fprestwich1w@jigsy.com,Female,52.220.246.61
70,Janela,Kirby,jkirby1x@yelp.com,Female,251.181.12.101
71,Tiphany,Goosnell,tgoosnell1y@comsenz.com,Female,173.88.143.16
72,Tudor,Allwell,tallwell1z@people.com.cn,Male,37.76.89.156
73,Shelly,Greger,sgreger20@xing.com,Female,98.137.215.196
74,Osmund,Demoge,odemoge21@a8.net,Male,42.5.206.180
75,Salvador,Idel,sidel22@webmd.com,Male,238.1.156.180
76,Rebeka,Crittal,rcrittal23@vistaprint.com,Female,43.218.206.0
77,Florry,Verriour,fverriour24@ocn.ne.jp,Female,63.132.54.125
78,Griz,Busby,gbusby25@delicious.com,Male,144.156.28.254
79,Willie,Brinson,wbrinson26@fastcompany.com,Female,254.89.121.17
80,Sofie,Fortesquieu,sfortesquieu27@mac.com,Female,121.128.68.216
81,Lazar,Palffrey,lpalffrey28@infoseek.co.jp,Male,231.65.113.124
82,Janean,Jime,jjime29@ameblo.jp,Female,254.89.15.176
83,Kermit,Mostyn,kmostyn2a@tiny.cc,Male,220.250.126.240
84,Barnabas,Aliman,baliman2b@nba.com,Male,129.93.178.89
85,Chiarra,Bomb,cbomb2c@tinyurl.com,Female,65.53.91.119
86,Chic,Penvarden,cpenvarden2d@vistaprint.com,Male,162.8.144.106
87,Jeralee,Hardacre,jhardacre2e@unesco.org,Female,98.128.30.242
88,Asa,Jowers,ajowers2f@soundcloud.com,Male,120.93.103.37
89,Amargo,Gisburne,agisburne2g@wp.com,Female,249.105.32.114
90,Jojo,Sheal,jsheal2h@java.com,Female,62.237.77.152
91,Randy,Thewles,rthewles2i@wikimedia.org,Female,1.246.112.157
92,Alyssa,Frearson,afrearson2j@miitbeian.gov.cn,Female,216.46.17.100
93,Harv,Gretham,hgretham2k@washington.edu,Male,71.144.193.149
94,Antonia,Binding,abinding2l@cyberchimps.com,Female,11.111.198.210
95,Horten,MacMeekan,hmacmeekan2m@alexa.com,Male,158.193.140.245
96,Toby,Christopher,tchristopher2n@phpbb.com,Male,144.122.57.53
97,Dori,Kewzick,dkewzick2o@cafepress.com,Female,17.194.9.28
98,Marilin,Caldow,mcaldow2p@ning.com,Female,168.222.168.200
99,Carlotta,MacFie,cmacfie2q@123-reg.co.uk,Female,36.208.252.155
100,Sutton,Pennington,spennington2r@cyberchimps.com,Male,254.147.96.133
101,Ara,Mounce,amounce2s@telegraph.co.uk,Male,168.173.9.85
102,Ardeen,Paterson,apaterson2t@theglobeandmail.com,Female,6.82.154.243
103,Dedra,Rabjohn,drabjohn2u@xing.com,Female,16.198.59.187
104,Idell,Giamelli,igiamelli2v@pen.io,Female,232.227.96.138
105,Ximenes,Bradd,xbradd2w@blinklist.com,Male,132.62.33.48
106,Izaak,Moncreiffe,imoncreiffe2x@timesonline.co.uk,Male,166.96.89.201
107,Erinna,Borborough,eborborough2y@xing.com,Female,94.31.92.143
108,Benedikta,Hosten,bhosten2z@msu.edu,Female,151.60.52.209
109,Osborne,Noquet,onoquet30@domainmarket.com,Male,87.133.208.212
110,Arty,Wankling,awankling31@abc.net.au,Male,26.233.45.135
111,Marlo,Sunner,msunner32@smugmug.com,Female,28.222.199.146
112,Alexine,Ragles,aragles33@example.com,Female,97.92.139.193
113,Emmalee,Tomowicz,etomowicz34@soundcloud.com,Female,33.171.111.198
114,Hannie,Goeff,hgoeff35@slideshare.net,Female,163.165.201.130
115,Brigitta,Fery,bfery36@wikipedia.org,Female,226.207.239.146
116,Rebbecca,Waltho,rwaltho37@multiply.com,Female,5.208.28.136
117,Mariska,Hallowes,mhallowes38@usgs.gov,Female,27.219.159.7
118,Roarke,Corker,rcorker39@auda.org.au,Male,24.232.176.249
119,Elberta,Broadfoot,ebroadfoot3a@ustream.tv,Female,208.210.209.185
120,Westbrooke,Perone,wperone3b@usgs.gov,Male,146.253.212.241
121,Mela,Rudolph,mrudolph3c@domainmarket.com,Female,25.235.35.68
122,Nikolai,Habishaw,nhabishaw3d@ebay.co.uk,Male,11.227.185.117
123,Artie,Antuk,aantuk3e@myspace.com,Male,44.178.159.124
124,Steffie,Massy,smassy3f@comsenz.com,Female,84.193.172.181
125,Barbara-anne,Rockey,brockey3g@opera.com,Female,24.58.249.183
126,Lucho,Domenicone,ldomenicone3h@ca.gov,Male,19.141.5.220
127,Leonerd,Haffner,lhaffner3i@dropbox.com,Male,81.28.4.109
128,Ruth,Sevin,rsevin3j@gravatar.com,Female,36.129.4.209
129,Roscoe,Datte,rdatte3k@umich.edu,Male,187.134.96.204
130,Ethan,Boucher,eboucher3l@comcast.net,Male,128.124.60.248
131,Fayre,Gambles,fgambles3m@bravesites.com,Female,57.16.62.115
132,Reena,Haggas,rhaggas3n@bandcamp.com,Female,2.157.151.94
133,Booth,Tellenbroker,btellenbroker3o@youku.com,Male,170.75.83.81
134,Lowe,Spaven,lspaven3p@ameblo.jp,Male,242.221.217.38
135,Rasia,Daglish,rdaglish3q@360.cn,Female,29.228.112.35
136,Royall,Eymor,reymor3r@paginegialle.it,Male,237.104.85.212
137,Anjanette,Mordue,amordue3s@surveymonkey.com,Female,183.255.82.175
138,Normand,Trenouth,ntrenouth3t@desdev.cn,Male,153.229.215.69
139,Ethe,Orrin,eorrin3u@pcworld.com,Male,251.117.171.158
140,Ephrayim,Bishop,ebishop3v@yelp.com,Male,206.95.7.236
141,Zonda,Warren,zwarren3w@comsenz.com,Female,212.70.31.152
142,Warden,Forrestall,wforrestall3x@t.co,Male,179.111.226.14
143,Tabby,McFee,tmcfee3y@webs.com,Female,178.66.162.157
144,Ignazio,Bantock,ibantock3z@jimdo.com,Male,154.133.32.15
145,Verney,Hasel,vhasel40@liveinternet.ru,Male,249.29.9.78
146,Lief,Eastwell,leastwell41@theglobeandmail.com,Male,239.50.149.4
147,Micki,Vittori,mvittori42@plala.or.jp,Female,149.125.90.23
148,Gunilla,Chansonnau,gchansonnau43@irs.gov,Female,218.236.89.130
149,Gaspard,Stedson,gstedson44@hubpages.com,Male,46.20.209.238
150,Francklyn,Stebbings,fstebbings45@people.com.cn,Male,174.16.190.113
151,Nikolos,Dunridge,ndunridge46@mac.com,Male,158.20.125.112
152,Rheta,Keen,rkeen47@irs.gov,Female,255.154.205.221
153,Marlon,Fieldhouse,mfieldhouse48@desdev.cn,Male,110.195.28.145
154,Astra,Lebreton,alebreton49@chron.com,Female,225.118.194.63
155,D'arcy,Lidell,dlidell4a@creativecommons.org,Male,141.183.248.149
156,Mayer,Tyce,mtyce4b@wikispaces.com,Male,235.75.39.84
157,Davide,Wilderspoon,dwilderspoon4c@oracle.com,Male,80.58.218.10
158,Ly,Grigsby,lgrigsby4d@guardian.co.uk,Male,191.88.47.156
159,Breena,Wookey,bwookey4e@flickr.com,Female,12.51.173.62
160,Saunders,Denge,sdenge4f@cnbc.com,Male,233.153.17.201
161,Anson,McKenna,amckenna4g@nps.gov,Male,27.110.224.240
162,Vilhelmina,Gilroy,vgilroy4h@spotify.com,Female,202.172.2.247
163,Caty,Halliday,challiday4i@rakuten.co.jp,Female,146.244.249.22
164,Virgil,McTerry,vmcterry4j@mysql.com,Male,248.14.33.19
165,Artus,Kinnon,akinnon4k@nsw.gov.au,Male,75.142.79.37
166,Collette,Boecke,cboecke4l@msu.edu,Female,44.80.28.191
167,Teri,Tarry,ttarry4m@domainmarket.com,Female,33.247.25.36
168,Tadeas,Hodgon,thodgon4n@tinyurl.com,Male,173.108.83.36
169,Jermain,Puden,jpuden4o@nyu.edu,Male,70.22.198.141
170,Peggy,Quarmby,pquarmby4p@dagondesign.com,Female,15.193.159.214
171,Hogan,Laddle,hladdle4q@netlog.com,Male,89.144.40.235
172,Griff,Marzele,gmarzele4r@paginegialle.it,Male,56.184.131.82
173,Felice,Barwise,fbarwise4s@barnesandnoble.com,Male,113.234.0.174
174,Mitchel,Lauret,mlauret4t@eepurl.com,Male,12.46.58.159
175,Sigismundo,Oneile,soneile4u@xrea.com,Male,55.200.194.96
176,Winslow,Robardet,wrobardet4v@sciencedaily.com,Male,218.221.133.135
177,Ronnie,Cathel,rcathel4w@amazon.co.jp,Female,193.107.3.225
178,Kania,Mugford,kmugford4x@ask.com,Female,19.236.7.45
179,Benito,Gilman,bgilman4y@washington.edu,Male,63.70.239.214
180,Babara,O'Haire,bohaire4z@ucsd.edu,Female,10.86.1.41
181,Alphard,MacIlory,amacilory50@hostgator.com,Male,212.167.57.32
182,Rosemary,Castagnone,rcastagnone51@gmpg.org,Female,48.5.174.144
183,Drugi,Chittey,dchittey52@lycos.com,Male,31.64.213.199
184,Wake,Tomes,wtomes53@jugem.jp,Male,140.39.112.39
185,Bartholomeus,Lotte,blotte54@booking.com,Male,158.213.17.98
186,Everard,Foystone,efoystone55@yandex.ru,Male,135.117.82.122
187,Traci,Algar,talgar56@cdbaby.com,Female,165.108.202.239
188,Rubi,Moscon,rmoscon57@ed.gov,Female,252.53.142.228
189,Cathryn,Orriss,corriss58@devhub.com,Female,68.36.27.156
190,Reed,Tallon,rtallon59@de.vu,Male,51.127.118.23
191,Maximilianus,Hudd,mhudd5a@hugedomains.com,Male,128.125.129.188
192,Linet,Menier,lmenier5b@de.vu,Female,174.209.165.227
193,Adrianna,Smithen,asmithen5c@tripadvisor.com,Female,209.20.10.208
194,Gothart,Lievesley,glievesley5d@icio.us,Male,212.249.126.197
195,Meggi,Minero,mminero5e@cdc.gov,Female,188.102.7.21
196,Lib,Reisenberg,lreisenberg5f@engadget.com,Female,235.211.72.25
197,Hannie,Jedrasik,hjedrasik5g@baidu.com,Female,158.80.135.237
198,Alyosha,Jimmes,ajimmes5h@bbc.co.uk,Male,230.170.105.194
199,Brandea,Chicken,bchicken5i@google.com.au,Female,227.208.108.235
200,Hephzibah,Ivanenkov,hivanenkov5j@washington.edu,Female,173.72.31.167
201,Matias,Bynold,mbynold5k@cyberchimps.com,Male,120.201.30.88
202,Irvine,Shelvey,ishelvey5l@accuweather.com,Male,41.63.83.90
203,Petr,Milazzo,pmilazzo5m@opera.com,Male,101.86.177.7
204,Elizabet,Durn,edurn5n@huffingtonpost.com,Female,224.10.173.240
205,Dale,Richardon,drichardon5o@newyorker.com,Male,20.214.237.85
206,Nomi,Balle,nballe5p@theatlantic.com,Female,27.177.153.241
207,Almeta,Hadingham,ahadingham5q@gravatar.com,Female,96.18.48.87
208,Curr,Ledster,cledster5r@artisteer.com,Male,4.53.222.236
209,Jeana,Parcell,jparcell5s@myspace.com,Female,77.231.140.143
210,Olwen,Jockle,ojockle5t@mapquest.com,Female,138.215.153.141
211,Arliene,Johnsson,ajohnsson5u@xing.com,Female,27.110.217.41
212,Rebeca,Lortz,rlortz5v@behance.net,Female,245.151.223.83
213,Colette,Piscopo,cpiscopo5w@mozilla.org,Female,1.203.81.104
214,Oren,Gannon,ogannon5x@canalblog.com,Male,201.157.5.99
215,Gamaliel,Reveland,greveland5y@cyberchimps.com,Male,77.233.172.34
216,Michaelina,Bellhanger,mbellhanger5z@gravatar.com,Female,28.40.186.146
217,Christopher,Brokenshaw,cbrokenshaw60@wiley.com,Male,63.213.42.233
218,Wye,Jeal,wjeal61@i2i.jp,Male,118.129.252.21
219,Ringo,Gordon,rgordon62@hibu.com,Male,111.129.25.20
220,Theresita,Napleton,tnapleton63@forbes.com,Female,145.100.58.147
221,Kiel,Patman,kpatman64@hhs.gov,Male,148.245.81.25
222,Timotheus,Stoffersen,tstoffersen65@weebly.com,Male,114.128.104.204
223,Trudi,Beminster,tbeminster66@unblog.fr,Female,69.109.248.54
224,Gregorius,Braundt,gbraundt67@jimdo.com,Male,164.217.46.163
225,Horatius,Markova,hmarkova68@tripod.com,Male,206.58.4.52
226,Ivy,Connell,iconnell69@psu.edu,Female,222.229.77.3
227,Anstice,Benner,abenner6a@altervista.org,Female,133.154.72.202
228,Zack,Finders,zfinders6b@japanpost.jp,Male,1.69.254.82
229,Davine,Brotheridge,dbrotheridge6c@msn.com,Female,102.44.185.122
230,Shurlock,Brierley,sbrierley6d@toplist.cz,Male,45.209.52.12
231,Rance,McClements,rmcclements6e@flickr.com,Male,107.15.59.76
232,Rubina,Eick,reick6f@noaa.gov,Female,26.145.32.157
233,Timoteo,Igonet,tigonet6g@loc.gov,Male,189.93.7.118
234,Jackie,Mumby,jmumby6h@wired.com,Male,253.127.217.108
235,Raff,Cohrs,rcohrs6i@narod.ru,Male,125.174.215.191
236,D'arcy,Mosedale,dmosedale6j@goo.ne.jp,Male,125.205.104.127
237,Jimmie,Rosenkrantz,jrosenkrantz6k@miitbeian.gov.cn,Male,55.108.11.33
238,Clyve,Garahan,cgarahan6l@omniture.com,Male,17.202.155.195
239,Emilia,Hewins,ehewins6m@archive.org,Female,212.176.194.117
240,Drucill,Croysdale,dcroysdale6n@tuttocitta.it,Female,248.125.132.28
241,Derby,Skeene,dskeene6o@hp.com,Male,114.196.174.20
242,Kerianne,Scrivenor,kscrivenor6p@wix.com,Female,163.67.6.160
243,Walker,Piris,wpiris6q@bloomberg.com,Male,237.87.220.29
244,Rochelle,Tabrett,rtabrett6r@purevolume.com,Female,40.79.119.164
245,Renelle,Peskin,rpeskin6s@istockphoto.com,Female,34.175.26.139
246,Darren,Elwel,delwel6t@lulu.com,Male,0.87.46.44
247,Jodi,Swinley,jswinley6u@msn.com,Male,172.245.120.102
248,Juditha,Piaggia,jpiaggia6v@stumbleupon.com,Female,158.91.8.102
249,Jasmina,Sidebotton,jsidebotton6w@issuu.com,Female,78.105.157.158
250,Myrwyn,Bleackly,mbleackly6x@tinyurl.com,Male,217.37.188.133
251,Mora,Randalston,mrandalston6y@cisco.com,Female,185.115.92.107
252,Moreen,Hazeup,mhazeup6z@nifty.com,Female,223.72.206.202
253,Robinet,Josefson,rjosefson70@chicagotribune.com,Male,225.23.147.30
254,Willis,Riep,wriep71@jimdo.com,Male,208.94.54.66
255,Bobine,Purseglove,bpurseglove72@marriott.com,Female,239.150.118.254
256,Paton,Bailess,pbailess73@nifty.com,Male,240.2.166.166
257,Donelle,Livingston,dlivingston74@msn.com,Female,43.125.198.25
258,Nissa,Brigman,nbrigman75@themeforest.net,Female,235.183.32.118
259,Viviene,Sobczak,vsobczak76@sun.com,Female,32.200.59.143
260,Rhea,Jolly,rjolly77@51.la,Female,155.78.82.254
261,Verena,Jerratsch,vjerratsch78@google.ca,Female,35.30.182.222
262,Ronnie,MacMaykin,rmacmaykin79@wikipedia.org,Male,184.128.101.230
263,Elana,Busek,ebusek7a@bing.com,Female,27.206.10.206
264,Kandy,Bichard,kbichard7b@gnu.org,Female,61.186.124.159
265,Thom,Berford,tberford7c@zdnet.com,Male,203.74.232.122
266,Jojo,Ricci,jricci7d@yellowbook.com,Female,181.167.103.135
267,Brigham,Joysey,bjoysey7e@e-recht24.de,Male,53.200.48.218
268,Matthieu,Gabbatt,mgabbatt7f@arstechnica.com,Male,0.75.94.116
269,Charlotta,Spackman,cspackman7g@xrea.com,Female,123.148.60.191
270,Michaeline,Andric,mandric7h@naver.com,Female,166.63.95.41
271,Elsy,Faulds,efaulds7i@statcounter.com,Female,173.189.146.0
272,Lane,Denzey,ldenzey7j@scribd.com,Male,225.191.119.48
273,Callida,Le Conte,cleconte7k@ucoz.com,Female,133.23.167.181
274,Dorella,Gerred,dgerred7l@etsy.com,Female,88.112.184.88
275,Murry,Domino,mdomino7m@apache.org,Male,249.235.106.255
276,Alexandre,Dearnly,adearnly7n@utexas.edu,Male,184.31.203.49
277,Vail,Orfeur,vorfeur7o@yelp.com,Male,255.243.215.71
278,Arron,Bragginton,abragginton7p@pen.io,Male,144.248.169.48
279,Sisely,Stothart,sstothart7q@nih.gov,Female,208.144.151.120
280,Cosmo,Roebottom,croebottom7r@g.co,Male,154.255.154.171
281,Lazar,Matschuk,lmatschuk7s@usda.gov,Male,183.191.40.13
282,Benoit,Gammet,bgammet7t@adobe.com,Male,71.73.94.197
283,Dana,Hallick,dhallick7u@umich.edu,Male,32.20.195.119
284,Elbertine,Emnoney,eemnoney7v@zimbio.com,Female,50.166.9.112
285,Lilyan,Baxter,lbaxter7w@instagram.com,Female,211.91.26.166
286,Arman,Eidler,aeidler7x@nps.gov,Male,92.80.36.194
287,Wanids,Brierton,wbrierton7y@live.com,Female,108.217.58.147
288,Stacy,Cowsby,scowsby7z@ezinearticles.com,Female,70.60.107.170
289,Diann,Chiddy,dchiddy80@hhs.gov,Female,70.81.61.200
290,Nicholle,Hofler,nhofler81@cdbaby.com,Female,199.245.34.21
291,Nettie,Rabley,nrabley82@npr.org,Female,87.1.80.96
292,Tabby,Authers,tauthers83@shop-pro.jp,Male,244.149.234.202
293,Arielle,Grishakin,agrishakin84@weebly.com,Female,32.181.191.6
294,Matty,Severns,mseverns85@icq.com,Male,162.107.28.246
295,Janek,Ellard,jellard86@ebay.com,Male,187.84.227.245
296,Gibby,Fredson,gfredson87@usgs.gov,Male,139.91.12.85
297,Kelli,Eckersall,keckersall88@thetimes.co.uk,Female,247.193.87.241
298,Alick,Manterfield,amanterfield89@biglobe.ne.jp,Male,187.26.65.51
299,Dickie,Waddingham,dwaddingham8a@narod.ru,Male,94.233.160.127
300,Reece,Szymaniak,rszymaniak8b@google.pl,Male,114.48.221.14
301,Tera,Getty,tgetty8c@vinaora.com,Female,115.76.194.145
302,Glori,Lengthorn,glengthorn8d@ebay.co.uk,Female,24.209.155.42
303,Stephana,Jacobowicz,sjacobowicz8e@google.co.jp,Female,246.204.228.160
304,Dasya,Lightollers,dlightollers8f@nps.gov,Female,53.155.43.144
305,Bennett,Whinney,bwhinney8g@google.pl,Male,125.59.153.72
306,Cyrille,Thorbon,cthorbon8h@wp.com,Male,245.60.178.8
307,Mathe,Daubeny,mdaubeny8i@instagram.com,Male,67.153.135.4
308,Georgiana,Meegin,gmeegin8j@hexun.com,Female,59.13.176.144
309,Hazel,Doughill,hdoughill8k@wordpress.com,Male,128.21.253.232
310,Kingston,Eallis,keallis8l@qq.com,Male,143.136.25.28
311,Roselin,Aldine,raldine8m@un.org,Female,98.237.46.85
312,Englebert,Corish,ecorish8n@discuz.net,Male,164.36.195.205
313,Cullan,Gopsell,cgopsell8o@ezinearticles.com,Male,222.52.226.193
314,Andria,Woollam,awoollam8p@cpanel.net,Female,116.72.176.154
315,Norry,Hirth,nhirth8q@cloudflare.com,Male,99.21.19.27
316,Terrance,Zealey,tzealey8r@mozilla.org,Male,24.191.184.140
317,Lydia,Ecclestone,lecclestone8s@cnbc.com,Female,17.180.3.182
318,Bradly,Katt,bkatt8t@jugem.jp,Male,102.171.250.115
319,Christoffer,Pyne,cpyne8u@apple.com,Male,157.81.121.67
320,Thomasa,Krop,tkrop8v@va.gov,Female,172.144.5.219
321,Nicolas,Realff,nrealff8w@reference.com,Male,119.255.11.245
322,Carroll,Parkey,cparkey8x@yahoo.com,Female,73.122.110.107
323,Gwynne,Maybey,gmaybey8y@buzzfeed.com,Female,132.0.93.242
324,Wandie,Kerne,wkerne8z@stanford.edu,Female,35.64.112.37
325,Rurik,O'Scully,roscully90@ustream.tv,Male,19.128.230.99
326,Chris,Leamy,cleamy91@live.com,Male,186.124.132.62
327,Brennan,Donnett,bdonnett92@netlog.com,Male,126.38.48.136
328,Legra,Prue,lprue93@jalbum.net,Female,64.230.177.4
329,Hyacinthia,Crut,hcrut94@cnn.com,Female,27.222.27.133
330,Natividad,Foffano,nfoffano95@hatena.ne.jp,Female,109.225.250.152
331,Brewer,Fishburn,bfishburn96@indiegogo.com,Male,55.120.134.233
332,Eustacia,Haydon,ehaydon97@com.com,Female,243.254.68.71
333,Frannie,Jakobssen,fjakobssen98@canalblog.com,Male,1.14.197.14
334,Monty,Dinsale,mdinsale99@gizmodo.com,Male,8.43.45.162
335,Kassandra,Reichelt,kreichelt9a@alexa.com,Female,166.185.181.174
336,Rozella,Mizen,rmizen9b@oaic.gov.au,Female,132.110.184.135
337,Corbin,Elener,celener9c@biblegateway.com,Male,253.179.161.251
338,Miquela,Clements,mclements9d@rediff.com,Female,208.142.15.110
339,Petronia,Engelbrecht,pengelbrecht9e@seesaa.net,Female,101.235.67.93
340,Maurizia,Folling,mfolling9f@typepad.com,Female,51.19.131.125
341,Celina,Crighton,ccrighton9g@usda.gov,Female,68.160.72.165
342,Leoline,Adacot,ladacot9h@wordpress.com,Female,228.242.205.59
343,Brockie,Fisbey,bfisbey9i@unc.edu,Male,117.162.30.129
344,Ewell,Warboys,ewarboys9j@sciencedaily.com,Male,0.27.37.30
345,Brion,Dunn,bdunn9k@live.com,Male,204.113.107.139
346,Berrie,Ousby,bousby9l@google.de,Female,244.35.132.33
347,Free,Cleyne,fcleyne9m@pagesperso-orange.fr,Male,99.105.44.159
348,Flor,Pappin,fpappin9n@rambler.ru,Female,135.39.176.205
349,Dorree,Spinige,dspinige9o@plala.or.jp,Female,91.109.77.242
350,Yuri,Southernwood,ysouthernwood9p@microsoft.com,Male,78.82.235.204
351,Redford,Ilyukhov,rilyukhov9q@goodreads.com,Male,100.21.198.90
352,Alano,Welbourn,awelbourn9r@nyu.edu,Male,162.78.36.63
353,Norbert,Fay,nfay9s@wiley.com,Male,116.76.182.17
354,Olympia,Adaway,oadaway9t@skype.com,Female,177.224.206.213
355,Cherianne,Tollmache,ctollmache9u@sciencedaily.com,Female,38.129.106.110
356,Mufi,Habden,mhabden9v@mozilla.com,Female,199.85.148.84
357,Kellen,Swinney,kswinney9w@blogtalkradio.com,Female,150.180.0.118
358,Lisle,Perrat,lperrat9x@ihg.com,Male,207.27.115.148
359,Nat,Itzkovwich,nitzkovwich9y@so-net.ne.jp,Female,227.27.226.7
360,Kahaleel,Cooksley,kcooksley9z@cdbaby.com,Male,74.196.126.131
361,Hayes,Corsar,hcorsara0@marketwatch.com,Male,9.121.206.230
362,Arlene,Gutridge,agutridgea1@shop-pro.jp,Female,90.182.255.143
363,Brana,Gennings,bgenningsa2@typepad.com,Female,95.59.171.83
364,Babbette,Harmond,bharmonda3@bloglines.com,Female,193.10.70.233
365,Puff,Maine,pmainea4@weather.com,Male,15.80.246.200
366,Nicole,Millea,nmilleaa5@dagondesign.com,Female,192.52.243.21
367,Madel,Skellington,mskellingtona6@canalblog.com,Female,79.84.245.194
368,Claudette,Ballam,cballama7@live.com,Female,34.25.193.105
369,Millisent,Geertz,mgeertza8@businessweek.com,Female,68.28.125.8
370,Benoit,Eake,beakea9@flickr.com,Male,147.159.81.199
371,Garrett,Gambles,ggamblesaa@buzzfeed.com,Male,110.194.25.48
372,Gunilla,Snoding,gsnodingab@timesonline.co.uk,Female,87.130.209.77
373,Corrie,Buckett,cbuckettac@quantcast.com,Female,33.171.116.73
374,Elijah,Arundell,earundellad@nhs.uk,Male,90.151.191.181
375,Clementine,Onge,congeae@netvibes.com,Female,191.212.26.177
376,Betsey,Sansbury,bsansburyaf@homestead.com,Female,225.77.128.207
377,Lennie,Scarf,lscarfag@home.pl,Male,232.211.67.31
378,Ira,Vannuccini,ivannucciniah@tumblr.com,Male,148.78.218.67
379,Jojo,Andries,jandriesai@artisteer.com,Female,190.3.114.86
380,Chancey,Weymont,cweymontaj@java.com,Male,152.204.145.228
381,Austina,Stollen,astollenak@google.com,Female,161.159.216.221
382,Robinson,Aylward,raylwardal@sohu.com,Male,115.107.121.144
383,Vincent,Anstis,vanstisam@chicagotribune.com,Male,201.114.250.109
384,Dwight,Gasnoll,dgasnollan@mashable.com,Male,17.209.244.138
385,Elliott,Elletson,eelletsonao@tinypic.com,Male,208.16.124.186
386,Ricardo,Drillingcourt,rdrillingcourtap@europa.eu,Male,239.74.159.84
387,Richart,Tapply,rtapplyaq@upenn.edu,Male,109.205.122.248
388,Lodovico,Willey,lwilleyar@jiathis.com,Male,189.69.186.65
389,Lazar,Barlthrop,lbarlthropas@usda.gov,Male,119.5.107.227
390,Martin,Berardt,mberardtat@hc360.com,Male,130.110.150.13
391,Brewer,Gretton,bgrettonau@blogspot.com,Male,14.28.5.8
392,Harald,Bofield,hbofieldav@china.com.cn,Male,75.123.158.113
393,Glyn,Raoul,graoulaw@nsw.gov.au,Male,77.173.142.166
394,Adela,Maven,amavenax@etsy.com,Female,76.135.226.230
395,Isaak,Grosvenor,igrosvenoray@timesonline.co.uk,Male,172.200.138.11
396,Otes,Gaudon,ogaudonaz@cpanel.net,Male,153.30.96.61
397,Perceval,Licence,plicenceb0@163.com,Male,156.107.150.82
398,Jeffrey,Wager,jwagerb1@gnu.org,Male,80.152.7.141
399,Lynnelle,Andrieux,landrieuxb2@cmu.edu,Female,184.80.82.113
400,Inesita,Wapol,iwapolb3@purevolume.com,Female,249.64.113.26
401,Delaney,Laborde,dlabordeb4@foxnews.com,Male,140.103.41.215
402,Julio,Edelmann,jedelmannb5@ucoz.com,Male,188.254.186.116
403,Sascha,Trulock,strulockb6@barnesandnoble.com,Male,226.149.57.69
404,Kass,Linnett,klinnettb7@deliciousdays.com,Female,199.144.246.158
405,Jorey,Edgcumbe,jedgcumbeb8@cnet.com,Female,32.18.58.146
406,Derry,Pendall,dpendallb9@scribd.com,Male,186.156.189.99
407,Ruthy,Piletic,rpileticba@mayoclinic.com,Female,91.102.17.13
408,Page,Snowling,psnowlingbb@howstuffworks.com,Male,108.239.118.134
409,Owen,Gilmartin,ogilmartinbc@hc360.com,Male,83.6.58.88
410,Lonnard,Blaasch,lblaaschbd@yandex.ru,Male,233.113.202.5
411,Alis,Cherrett,acherrettbe@cam.ac.uk,Female,138.51.177.97
412,Salvatore,Olenikov,solenikovbf@dedecms.com,Male,245.198.33.168
413,Brennan,Rochelle,brochellebg@usa.gov,Male,198.15.156.55
414,Killian,Dottridge,kdottridgebh@chronoengine.com,Male,124.180.135.114
415,Dalis,Soares,dsoaresbi@elpais.com,Male,153.87.217.240
416,Tabby,Spaxman,tspaxmanbj@flickr.com,Female,56.171.200.110
417,Marve,Korba,mkorbabk@google.nl,Male,204.205.118.175
418,Zebulen,Venables,zvenablesbl@aboutads.info,Male,193.18.151.74
419,Alexia,Riveles,arivelesbm@smh.com.au,Female,52.82.226.225
420,Isaak,Cakebread,icakebreadbn@reddit.com,Male,38.225.39.210
421,Ban,Shouler,bshoulerbo@wunderground.com,Male,228.203.54.203
422,Rutger,Schnieder,rschniederbp@mozilla.org,Male,179.51.182.230
423,Egon,Nance,enancebq@wisc.edu,Male,213.69.135.146
424,Carmine,Dayment,cdaymentbr@newyorker.com,Male,192.65.39.4
425,Cecily,Walwood,cwalwoodbs@illinois.edu,Female,232.147.54.58
426,Kassia,Aguirrezabala,kaguirrezabalabt@tinyurl.com,Female,101.30.82.205
427,Erwin,Blethyn,eblethynbu@sphinn.com,Male,145.94.15.161
428,Andrus,Aynold,aaynoldbv@usatoday.com,Male,239.199.52.181
429,Catherin,Poulson,cpoulsonbw@webmd.com,Female,27.41.77.50
430,Barbabas,Borrowman,bborrowmanbx@cnet.com,Male,37.63.205.170
431,Lesley,Gippes,lgippesby@google.nl,Male,227.160.186.92
432,Esmaria,Miquelet,emiqueletbz@un.org,Female,115.235.236.134
433,Gaby,Drought,gdroughtc0@networksolutions.com,Male,113.114.157.128
434,Faina,Coucher,fcoucherc1@bigcartel.com,Female,117.156.113.67
435,Cal,Street,cstreetc2@typepad.com,Male,120.96.118.68
436,Roselin,Pessel,rpesselc3@reference.com,Female,68.167.91.238
437,Aymer,Auguste,aaugustec4@exblog.jp,Male,75.229.190.207
438,Marianne,Buzek,mbuzekc5@paypal.com,Female,83.201.149.143
439,Dinnie,Chelsom,dchelsomc6@nature.com,Female,121.161.195.68
440,Alessandro,MacLese,amaclesec7@bigcartel.com,Male,2.167.113.140
441,Sisely,Cheeld,scheeldc8@nhs.uk,Female,49.86.223.53
442,Dyana,Walczak,dwalczakc9@eventbrite.com,Female,24.150.47.195
443,Isa,Bernardos,ibernardosca@japanpost.jp,Male,140.68.10.40
444,Reeva,Gasquoine,rgasquoinecb@npr.org,Female,210.139.106.157
445,Olav,Osgardby,oosgardbycc@amazon.de,Male,54.106.220.252
446,Caroline,Maybey,cmaybeycd@bizjournals.com,Female,196.252.182.198
447,Gregor,Berick,gberickce@opensource.org,Male,165.94.160.189
448,Tuck,Braune,tbraunecf@rediff.com,Male,15.79.219.195
449,Leicester,Kleinmintz,lkleinmintzcg@parallels.com,Male,83.81.27.109
450,Finley,Pietrowski,fpietrowskich@ucla.edu,Male,22.126.186.196
451,Gavan,Faughny,gfaughnyci@friendfeed.com,Male,100.221.54.38
452,Kinna,De la Zenne,kdelazennecj@networkadvertising.org,Female,137.25.52.28
453,Buddy,Abels,babelsck@army.mil,Male,199.20.34.54
454,Brooke,Okenden,bokendencl@webnode.com,Female,198.216.108.41
455,Quent,Stiebler,qstieblercm@timesonline.co.uk,Male,168.115.81.118
456,Zaneta,de Tocqueville,zdetocquevillecn@taobao.com,Female,228.155.52.87
457,Danya,Fairfoot,dfairfootco@behance.net,Male,118.122.11.97
458,Idalia,Seabrooke,iseabrookecp@mediafire.com,Female,251.9.89.121
459,Isa,Segrave,isegravecq@hc360.com,Male,41.182.147.43
460,Josey,Miquelet,jmiqueletcr@1688.com,Female,23.185.112.71
461,Bald,Liggins,bligginscs@sciencedirect.com,Male,184.94.46.82
462,Dorian,Brydon,dbrydonct@discovery.com,Male,59.78.70.15
463,Wylie,Brewood,wbrewoodcu@digg.com,Male,11.34.155.56
464,Hugibert,Duffet,hduffetcv@oakley.com,Male,230.127.173.141
465,Rabi,Attenburrow,rattenburrowcw@clickbank.net,Male,137.239.23.125
466,Thekla,Murrigan,tmurrigancx@npr.org,Female,22.237.157.141
467,Magdaia,Hughlin,mhughlincy@illinois.edu,Female,96.226.90.174
468,Irwin,Jurkiewicz,ijurkiewiczcz@ovh.net,Male,7.209.44.182
469,Bernice,Whelan,bwheland0@scientificamerican.com,Female,45.29.127.96
470,Kakalina,Fairey,kfaireyd1@ucoz.com,Female,205.200.241.193
471,Keen,McKern,kmckernd2@php.net,Male,67.52.108.184
472,Fallon,Lewington,flewingtond3@ihg.com,Female,140.152.253.19
473,Boote,Pywell,bpywelld4@phpbb.com,Male,186.131.136.131
474,Shirlee,Gubbin,sgubbind5@blinklist.com,Female,233.67.150.138
475,Berky,Deddum,bdeddumd6@soup.io,Male,107.72.46.2
476,Emmye,Blackly,eblacklyd7@aol.com,Female,82.88.15.64
477,Bel,Hedderly,bhedderlyd8@nature.com,Female,145.164.197.1
478,Arda,Lehrmann,alehrmannd9@hostgator.com,Female,84.56.156.55
479,Nicoline,Wiersma,nwiersmada@unicef.org,Female,207.58.19.16
480,Karie,Canon,kcanondb@cafepress.com,Female,225.125.8.105
481,Adam,Lind,alinddc@wikia.com,Male,42.175.84.222
482,Dell,Cranmere,dcranmeredd@ameblo.jp,Male,170.239.193.140
483,Connor,Vinick,cvinickde@dailymotion.com,Male,169.82.156.159
484,Bryce,Thackwray,bthackwraydf@wikipedia.org,Male,10.130.203.2
485,Phedra,Crombie,pcrombiedg@com.com,Female,29.161.33.148
486,Desmund,Brash,dbrashdh@simplemachines.org,Male,123.235.17.161
487,Sophi,Siley,ssileydi@patch.com,Female,175.189.58.174
488,Constantin,Peever,cpeeverdj@meetup.com,Male,183.215.127.202
489,Conan,Esilmon,cesilmondk@skype.com,Male,23.122.17.105
490,Cornie,Mansell,cmanselldl@wsj.com,Male,207.235.11.192
491,Merissa,Eye,meyedm@cbslocal.com,Female,107.180.117.205
492,Lenka,Thatcham,lthatchamdn@addtoany.com,Female,63.179.51.241
493,Melva,Kinchlea,mkinchleado@chronoengine.com,Female,207.26.89.238
494,Tawsha,Shedd,tshedddp@tripod.com,Female,51.161.175.163
495,Guthrie,Scammonden,gscammondendq@squidoo.com,Male,96.242.187.77
496,Romola,Oyley,royleydr@wix.com,Female,141.18.199.121
497,Katuscha,Bonifas,kbonifasds@instagram.com,Female,1.43.60.136
498,Jermain,Tant,jtantdt@who.int,Male,239.145.171.92
499,Starr,Mundy,smundydu@surveymonkey.com,Female,232.83.109.90
500,Stephen,Eland,selanddv@myspace.com,Male,251.231.253.138
501,Regina,Piolli,rpiollidw@wsj.com,Female,127.240.99.37
502,Henrietta,McCarly,hmccarlydx@live.com,Female,79.11.188.76
503,Arvie,Heel,aheeldy@mlb.com,Male,211.223.245.136
504,Bambi,Baruch,bbaruchdz@wisc.edu,Female,167.249.18.107
505,Tadeas,Muttock,tmuttocke0@jimdo.com,Male,253.70.129.233
506,Christie,Swains,cswainse1@hao123.com,Male,241.45.220.243
507,Allister,Dibson,adibsone2@vimeo.com,Male,51.93.12.250
508,Aldric,Wilsdon,awilsdone3@yahoo.com,Male,102.125.231.223
509,Benedick,Cousin,bcousine4@nsw.gov.au,Male,183.144.149.31
510,Mohandis,Meagh,mmeaghe5@whitehouse.gov,Male,142.111.132.122
511,Whit,Brackley,wbrackleye6@furl.net,Male,161.16.85.145
512,Dalila,Draude,ddraudee7@fc2.com,Female,136.90.138.39
513,Jeth,Haughian,jhaughiane8@geocities.jp,Male,9.37.31.125
514,Scarlett,Fookes,sfookese9@bloglovin.com,Female,212.52.42.44
515,Durand,Brewer,dbrewerea@bloglovin.com,Male,133.16.40.56
516,Sayres,Annon,sannoneb@360.cn,Male,201.106.249.145
517,Jo ann,Gonthier,jgonthierec@theatlantic.com,Female,80.105.182.251
518,Georgy,Tweddell,gtweddelled@buzzfeed.com,Male,194.123.54.43
519,Dorette,MacGray,dmacgrayee@buzzfeed.com,Female,134.91.52.106
520,Lindsay,Corpe,lcorpeef@marketwatch.com,Female,87.199.34.246
521,Tobye,Sealand,tsealandeg@columbia.edu,Female,175.97.3.213
522,Aurlie,Lacroix,alacroixeh@google.pl,Female,200.37.17.87
523,Richard,Iacomelli,riacomelliei@google.cn,Male,193.57.5.240
524,Breena,Reddecliffe,breddecliffeej@webmd.com,Female,236.236.244.113
525,Ajay,Oehme,aoehmeek@indiatimes.com,Female,154.65.95.157
526,Jaime,Kilian,jkilianel@arizona.edu,Male,118.101.179.209
527,Andriana,Blazewski,ablazewskiem@comsenz.com,Female,136.7.77.215
528,Emlynn,Hissett,ehissetten@smh.com.au,Female,148.104.255.128
529,Waylin,Fist,wfisteo@chicagotribune.com,Male,58.68.75.52
530,Heinrik,McLise,hmcliseep@usatoday.com,Male,20.149.15.159
531,Matthias,Drioli,mdriolieq@dedecms.com,Male,152.201.206.66
532,Ephrayim,McCourt,emccourter@wikia.com,Male,154.148.176.51
533,Jaclyn,Rispen,jrispenes@xing.com,Female,172.130.154.187
534,Phyllida,Stanyland,pstanylandet@netlog.com,Female,182.130.26.213
535,Candide,Doeg,cdoegeu@princeton.edu,Female,127.59.164.132
536,Dalenna,Dyzart,ddyzartev@phoca.cz,Female,161.131.208.207
537,Demetris,Duddle,dduddleew@loc.gov,Female,144.121.175.224
538,Ephraim,Proger,eprogerex@bandcamp.com,Male,158.213.108.145
539,Corinne,Longhi,clonghiey@technorati.com,Female,94.127.5.90
540,Rasia,McClarence,rmcclarenceez@hibu.com,Female,10.99.250.2
541,Hirsch,Szreter,hszreterf0@g.co,Male,74.164.194.39
542,Aubine,Candish,acandishf1@springer.com,Female,219.210.131.232
543,Dix,Corryer,dcorryerf2@cbslocal.com,Female,158.13.3.216
544,Germaine,Flexman,gflexmanf3@google.ru,Female,181.172.43.99
545,Jeana,Neeson,jneesonf4@wikipedia.org,Female,16.238.226.225
546,Errol,Jagiela,ejagielaf5@china.com.cn,Male,249.162.158.8
547,Tyne,Mowsdill,tmowsdillf6@theglobeandmail.com,Female,114.225.123.182
548,Bernie,Dowdell,bdowdellf7@zdnet.com,Female,54.95.70.24
549,Jackie,Bruggeman,jbruggemanf8@csmonitor.com,Male,172.16.121.255
550,Diena,Danell,ddanellf9@delicious.com,Female,8.239.148.183
551,Jefferson,Shouler,jshoulerfa@europa.eu,Male,107.229.68.135
552,Christin,Scad,cscadfb@mit.edu,Female,115.188.156.1
553,Viviana,Dabbs,vdabbsfc@forbes.com,Female,66.118.233.211
554,Malina,Stedmond,mstedmondfd@domainmarket.com,Female,109.251.38.140
555,Ervin,Brownsmith,ebrownsmithfe@google.com,Male,130.166.60.117
556,Silvio,Lamey,slameyff@theatlantic.com,Male,69.150.113.185
557,Glenine,Hardeman,ghardemanfg@multiply.com,Female,28.3.97.90
558,Ignacius,Jenkison,ijenkisonfh@cdc.gov,Male,219.201.11.79
559,Emlynne,Pelerin,epelerinfi@indiatimes.com,Female,1.117.95.118
560,Arte,Kaman,akamanfj@marriott.com,Male,65.218.66.100
561,Rainer,Kindall,rkindallfk@tuttocitta.it,Male,134.124.50.154
562,Elana,Goosnell,egoosnellfl@unicef.org,Female,3.174.179.161
563,Falito,Follan,ffollanfm@tumblr.com,Male,115.156.40.217
564,Nil,Buten,nbutenfn@prnewswire.com,Male,167.91.53.151
565,Bunny,Chilvers,bchilversfo@de.vu,Female,19.202.56.152
566,Gerianne,Krinks,gkrinksfp@yellowpages.com,Female,160.41.43.137
567,Garwood,Bootell,gbootellfq@jugem.jp,Male,134.81.106.172
568,Dallas,Jose,djosefr@yale.edu,Male,231.128.252.146
569,Sherie,Springle,sspringlefs@timesonline.co.uk,Female,138.214.90.74
570,Trudie,Byrd,tbyrdft@kickstarter.com,Female,106.10.212.31
571,Mela,Hoffman,mhoffmanfu@yahoo.co.jp,Female,162.206.240.59
572,Kippar,Pursey,kpurseyfv@slideshare.net,Male,245.192.13.210
573,Dillie,Evason,devasonfw@blogtalkradio.com,Male,238.122.251.36
574,Teri,Gard,tgardfx@aol.com,Female,15.202.81.243
575,Magda,Colliss,mcollissfy@chronoengine.com,Female,106.234.12.50
576,Verile,Vosper,vvosperfz@reverbnation.com,Female,111.77.169.195
577,Delcina,Biggerstaff,dbiggerstaffg0@house.gov,Female,2.57.234.211
578,Elmo,Germon,egermong1@ocn.ne.jp,Male,238.42.13.169
579,Gustavo,Neeves,gneevesg2@mashable.com,Male,18.198.133.102
580,Laryssa,Dudman,ldudmang3@china.com.cn,Female,220.175.116.227
581,Traci,Stockdale,tstockdaleg4@last.fm,Female,53.137.194.195
582,Harli,Aked,hakedg5@smh.com.au,Female,143.52.190.6
583,Rina,Killick,rkillickg6@sun.com,Female,148.95.176.81
584,Gisela,Glascott,gglascottg7@istockphoto.com,Female,247.156.202.254
585,Dev,Eldon,deldong8@sogou.com,Male,95.92.184.252
586,Sidney,Humphries,shumphriesg9@bbb.org,Male,82.23.178.128
587,Reagan,Yourell,ryourellga@csmonitor.com,Male,78.149.11.71
588,Shaw,Shann,sshanngb@mozilla.org,Male,243.107.8.124
589,Theressa,Woodroffe,twoodroffegc@unc.edu,Female,232.70.31.84
590,Odele,Clewlowe,oclewlowegd@scientificamerican.com,Female,154.89.252.91
591,Cozmo,Britto,cbrittoge@goodreads.com,Male,121.47.211.44
592,Sioux,Roswarne,sroswarnegf@who.int,Female,173.196.17.138
593,Ichabod,Pantry,ipantrygg@surveymonkey.com,Male,252.90.220.100
594,Juan,Makiver,jmakivergh@youku.com,Male,233.130.60.43
595,Maud,Barkas,mbarkasgi@istockphoto.com,Female,136.155.21.151
596,Allie,Mabbett,amabbettgj@bloomberg.com,Female,253.167.235.139
597,Dniren,Muxworthy,dmuxworthygk@businessinsider.com,Female,136.252.196.132
598,Bonni,Lundberg,blundberggl@sourceforge.net,Female,123.232.47.146
599,Billy,Malletratt,bmalletrattgm@fema.gov,Male,125.168.7.65
600,Amalie,Uff,auffgn@opensource.org,Female,181.4.220.86
601,Hollie,Sans,hsansgo@disqus.com,Female,121.176.190.0
602,Simeon,McGuane,smcguanegp@liveinternet.ru,Male,103.198.170.78
603,Kit,Readwin,kreadwingq@icio.us,Male,113.213.187.41
604,Alfredo,Moakes,amoakesgr@gizmodo.com,Male,71.64.106.114
605,Valentin,De Beneditti,vdebenedittigs@pen.io,Male,32.246.81.146
606,Cory,Hurley,churleygt@huffingtonpost.com,Male,39.57.243.76
607,Yanaton,Rollinson,yrollinsongu@va.gov,Male,243.187.39.71
608,Nerte,Donke,ndonkegv@webnode.com,Female,120.33.53.115
609,Stirling,Gimbart,sgimbartgw@archive.org,Male,100.212.134.5
610,Claudelle,Menis,cmenisgx@cbsnews.com,Female,182.218.94.110
611,Zollie,Ash,zashgy@about.com,Male,102.78.120.135
612,Faunie,Ayliffe,fayliffegz@phoca.cz,Female,243.227.46.179
613,Carlos,Fossett,cfossetth0@bloglovin.com,Male,181.249.144.107
614,Mara,Dziwisz,mdziwiszh1@freewebs.com,Female,129.175.145.248
615,Culley,Bernard,cbernardh2@weather.com,Male,36.149.14.104
616,Debbi,Casbolt,dcasbolth3@amazon.de,Female,69.25.99.252
617,Dickie,Okill,dokillh4@weebly.com,Male,240.28.162.24
618,Glen,Ronci,groncih5@sbwire.com,Female,52.138.186.10
619,Joly,Tull,jtullh6@fda.gov,Female,30.65.53.54
620,Ruprecht,Chiplen,rchiplenh7@barnesandnoble.com,Male,36.158.129.165
621,Ansell,Grunbaum,agrunbaumh8@mit.edu,Male,246.105.168.94
622,Grace,Scranedge,gscranedgeh9@zimbio.com,Male,101.47.123.20
623,Loleta,Volett,lvolettha@blinklist.com,Female,149.166.159.198
624,Chrissy,McLae,cmclaehb@tuttocitta.it,Female,231.212.160.151
625,Teddy,Adamthwaite,tadamthwaitehc@drupal.org,Female,50.47.31.85
626,Ramon,Chattoe,rchattoehd@state.tx.us,Male,245.12.10.150
627,Ches,Longhorne,clonghornehe@gmpg.org,Male,20.115.247.251
628,Braden,McGraith,bmcgraithhf@mayoclinic.com,Male,36.221.242.42
629,Marilee,Lazenbury,mlazenburyhg@sfgate.com,Female,146.155.141.227
630,Rosalinde,Wibberley,rwibberleyhh@europa.eu,Female,112.182.156.246
631,Land,Higgoe,lhiggoehi@rakuten.co.jp,Male,147.135.243.174
632,Camille,Rosthorn,crosthornhj@nbcnews.com,Female,112.157.169.140
633,Ambros,Ponde,apondehk@issuu.com,Male,88.66.148.92
634,Kylie,Glencross,kglencrosshl@hugedomains.com,Female,39.88.131.97
635,Worden,Tobias,wtobiashm@slideshare.net,Male,35.135.101.143
636,Cherye,Goschalk,cgoschalkhn@trellian.com,Female,95.195.23.76
637,Emanuel,Weller,ewellerho@admin.ch,Male,35.39.40.150
638,Antonina,Renowden,arenowdenhp@bloomberg.com,Female,24.213.122.156
639,Del,Battin,dbattinhq@amazon.com,Male,13.43.48.179
640,Katalin,Pol,kpolhr@php.net,Female,202.215.252.6
641,Tisha,Riatt,triatths@ehow.com,Female,96.43.36.142
642,Ebeneser,Impy,eimpyht@buzzfeed.com,Male,180.150.213.82
643,Duffy,Avramovitz,davramovitzhu@irs.gov,Male,32.239.54.48
644,Culver,Castellini,ccastellinihv@bravesites.com,Male,152.245.15.186
645,April,Divall,adivallhw@tiny.cc,Female,214.45.79.28
646,Jobi,Burnett,jburnetthx@devhub.com,Female,144.249.164.79
647,Emmy,Grishagin,egrishaginhy@ftc.gov,Male,122.67.229.125
648,Leontyne,Gertray,lgertrayhz@tuttocitta.it,Female,48.162.255.73
649,Dorothy,Bedson,dbedsoni0@devhub.com,Female,202.109.254.243
650,Brandon,Perllman,bperllmani1@diigo.com,Male,141.47.156.177
651,Othelia,Mallam,omallami2@patch.com,Female,182.128.33.21
652,Gustaf,McCrann,gmccranni3@privacy.gov.au,Male,175.23.14.143
653,Maria,Hatton,mhattoni4@samsung.com,Female,148.224.20.79
654,Lizette,Paxforde,lpaxfordei5@mayoclinic.com,Female,160.19.166.98
655,Kirby,Dallow,kdallowi6@utexas.edu,Female,134.38.95.222
656,Elliot,Neaves,eneavesi7@admin.ch,Male,101.5.219.187
657,Frank,Pillifant,fpillifanti8@phoca.cz,Female,2.230.53.173
658,Miner,Strattan,mstrattani9@yelp.com,Male,81.28.251.172
659,Gabe,Kniveton,gknivetonia@studiopress.com,Male,39.190.188.195
660,Germana,Giacoboni,ggiacoboniib@fotki.com,Female,43.129.33.4
661,Garrard,Oboy,goboyic@salon.com,Male,26.97.96.174
662,Barry,O'Connor,boconnorid@wufoo.com,Female,58.219.66.171
663,Bartholemy,Addess,baddessie@amazon.co.jp,Male,73.143.142.194
664,Gerianne,Banane,gbananeif@biglobe.ne.jp,Female,164.120.226.48
665,Edik,Emanulsson,eemanulssonig@apache.org,Male,6.99.49.74
666,Mureil,Stolte,mstolteih@newyorker.com,Female,232.209.170.76
667,Garvy,Iannetti,giannettiii@networksolutions.com,Male,17.172.121.223
668,Bernadina,Extill,bextillij@harvard.edu,Female,109.182.221.163
669,Reggis,Wharton,rwhartonik@biglobe.ne.jp,Male,186.59.52.56
670,Sibbie,Klugman,sklugmanil@indiatimes.com,Female,165.42.203.166
671,Silvia,Hebborn,shebbornim@usda.gov,Female,173.216.162.86
672,Merle,Witterick,mwitterickin@abc.net.au,Male,249.28.152.42
673,Delano,Kerfut,dkerfutio@cbsnews.com,Male,76.138.111.138
674,Arne,Coneley,aconeleyip@usnews.com,Male,1.18.53.215
675,Quill,Glennie,qglennieiq@mozilla.org,Male,152.155.80.3
676,Wylma,Mc Dermid,wmcdermidir@canalblog.com,Female,187.104.159.177
677,Niles,O'Mohun,nomohunis@army.mil,Male,93.221.186.87
678,Tomlin,Ackenhead,tackenheadit@state.tx.us,Male,113.183.231.252
679,Ambrosius,Dogg,adoggiu@yellowpages.com,Male,151.178.33.213
680,Filbert,Rudland,frudlandiv@squarespace.com,Male,122.156.51.33
681,Marlee,Mantha,mmanthaiw@indiegogo.com,Female,254.227.121.109
682,Stanton,Janman,sjanmanix@mashable.com,Male,75.58.173.10
683,Raye,Landrean,rlandreaniy@phpbb.com,Female,231.44.108.163
684,Debee,Craney,dcraneyiz@businesswire.com,Female,179.0.232.8
685,Alwin,McGuggy,amcguggyj0@amazon.de,Male,212.22.123.236
686,Claus,Edgley,cedgleyj1@hubpages.com,Male,55.151.99.51
687,Stacie,Dace,sdacej2@addthis.com,Female,75.147.227.136
688,Beryle,Camplen,bcamplenj3@hao123.com,Female,150.75.69.57
689,Rosella,McCuis,rmccuisj4@webmd.com,Female,194.135.8.230
690,Alane,Milam,amilamj5@washington.edu,Female,199.86.229.157
691,Fara,Hayer,fhayerj6@squidoo.com,Female,30.221.64.116
692,Whitaker,Wulfinger,wwulfingerj7@uol.com.br,Male,231.64.253.89
693,Whit,Dautry,wdautryj8@walmart.com,Male,178.79.105.255
694,Vittorio,Canton,vcantonj9@ihg.com,Male,61.241.28.138
695,Linda,Ghio,lghioja@hud.gov,Female,181.215.199.117
696,Eldon,Harridge,eharridgejb@wiley.com,Male,87.95.109.220
697,Cynthy,Ambresin,cambresinjc@issuu.com,Female,185.222.175.146
698,Lacey,Potteridge,lpotteridgejd@furl.net,Female,138.136.234.102
699,Hamel,Bulford,hbulfordje@amazon.co.uk,Male,193.143.90.39
700,Stanislaw,Matresse,smatressejf@indiatimes.com,Male,177.195.189.142
701,Crysta,Janeczek,cjaneczekjg@amazonaws.com,Female,45.136.45.11
702,Kliment,O'Doherty,kodohertyjh@nhs.uk,Male,215.106.144.74
703,Bradley,Iwanczyk,biwanczykji@dell.com,Male,76.139.158.162
704,Herby,Emanulsson,hemanulssonjj@hostgator.com,Male,182.178.242.185
705,Radcliffe,Ingles,ringlesjk@nature.com,Male,104.4.153.97
706,Brandy,Found,bfoundjl@theglobeandmail.com,Male,133.6.187.69
707,Shaine,Kuhnt,skuhntjm@mysql.com,Male,47.127.139.56
708,Orelie,Lever,oleverjn@nasa.gov,Female,243.187.98.64
709,Barrie,Pydcock,bpydcockjo@mail.ru,Male,129.112.125.66
710,Carlin,D'Almeida,cdalmeidajp@google.fr,Male,117.234.133.250
711,Bertie,Westmoreland,bwestmorelandjq@reuters.com,Male,0.143.217.208
712,Felizio,Byrnes,fbyrnesjr@people.com.cn,Male,1.158.115.210
713,Amerigo,Itscowicz,aitscowiczjs@photobucket.com,Male,169.176.217.191
714,Rob,Wittman,rwittmanjt@homestead.com,Male,216.2.207.167
715,Charmaine,De'Ath,cdeathju@privacy.gov.au,Female,15.107.208.90
716,Sauncho,Kwiek,skwiekjv@quantcast.com,Male,66.133.140.238
717,Morissa,Smoughton,msmoughtonjw@ihg.com,Female,4.36.95.244
718,Mannie,Lakenden,mlakendenjx@nps.gov,Male,52.234.237.245
719,Hashim,Andrag,handragjy@t.co,Male,171.163.74.67
720,Beilul,Turgoose,bturgoosejz@ning.com,Female,224.103.5.33
721,Tiffy,Spooner,tspoonerk0@princeton.edu,Female,178.236.70.30
722,Denver,Channing,dchanningk1@spotify.com,Male,60.110.248.179
723,Milicent,Wabey,mwabeyk2@wired.com,Female,41.14.128.199
724,Jacky,Gainsbury,jgainsburyk3@sfgate.com,Female,85.71.39.19
725,Othilia,Fellibrand,ofellibrandk4@who.int,Female,190.187.5.126
726,Norry,Pawlata,npawlatak5@desdev.cn,Female,207.222.137.140
727,Pierre,Hanley,phanleyk6@fastcompany.com,Male,90.69.204.12
728,Nester,Cantle,ncantlek7@soup.io,Male,206.2.65.78
729,Devin,Kener,dkenerk8@feedburner.com,Male,22.124.128.221
730,Margeaux,Wroath,mwroathk9@tiny.cc,Female,196.182.112.54
731,Marrilee,Plewes,mpleweska@imdb.com,Female,17.232.81.81
732,Codee,Vinall,cvinallkb@github.io,Female,139.216.64.29
733,Sandye,Rickerby,srickerbykc@unicef.org,Female,142.118.82.65
734,Ricki,Gaggen,rgaggenkd@livejournal.com,Male,111.161.131.0
735,Estrellita,Zannetti,ezannettike@dyndns.org,Female,164.24.14.149
736,Bartholomeus,Hussey,bhusseykf@umn.edu,Male,55.185.130.226
737,Denney,Popping,dpoppingkg@bing.com,Male,117.245.9.37
738,Horst,Domerq,hdomerqkh@youtu.be,Male,103.4.203.131
739,Mozelle,Ebbens,mebbenski@storify.com,Female,137.79.39.65
740,Paulie,Teasdale,pteasdalekj@engadget.com,Male,254.93.94.182
741,Row,Noddles,rnoddleskk@gizmodo.com,Female,184.154.14.163
742,Melanie,Detoc,mdetockl@cbslocal.com,Female,97.189.161.247
743,Marsh,Orrett,morrettkm@gmpg.org,Male,239.145.238.207
744,Frank,Muncey,fmunceykn@networksolutions.com,Male,94.51.242.9
745,Zabrina,Sertin,zsertinko@nifty.com,Female,114.113.194.180
746,Mariette,Jarvie,mjarviekp@illinois.edu,Female,210.208.113.123
747,Jamie,Bennis,jbenniskq@51.la,Male,241.84.4.245
748,Cordi,Tremeer,ctremeerkr@squarespace.com,Female,169.211.248.250
749,Kylen,Gazey,kgazeyks@ustream.tv,Female,230.221.75.144
750,Yancey,Sewell,ysewellkt@samsung.com,Male,227.241.64.224
751,Clarence,Dinning,cdinningku@wunderground.com,Male,166.84.247.217
752,Agneta,O'Looney,aolooneykv@uol.com.br,Female,78.188.215.212
753,Gus,Ambrosi,gambrosikw@t.co,Female,135.232.232.66
754,Ediva,Alflatt,ealflattkx@wired.com,Female,101.12.97.239
755,Ilyse,Maykin,imaykinky@earthlink.net,Female,34.58.82.203
756,Forrester,Thunnercliff,fthunnercliffkz@goo.ne.jp,Male,55.68.162.136
757,Coralie,Heavyside,cheavysidel0@forbes.com,Female,85.33.43.205
758,Karil,Agglione,kagglionel1@technorati.com,Female,44.152.11.178
759,Tyrone,Lydall,tlydalll2@nydailynews.com,Male,106.199.91.188
760,Harmon,Skittle,hskittlel3@harvard.edu,Male,30.243.236.73
761,Daloris,Romaint,dromaintl4@sfgate.com,Female,19.161.196.212
762,Mikol,Brazil,mbrazill5@tiny.cc,Male,204.246.201.94
763,Elle,Showen,eshowenl6@dion.ne.jp,Female,39.101.135.122
764,Bruce,Hudleston,bhudlestonl7@tinyurl.com,Male,77.175.61.122
765,Nowell,Tebbutt,ntebbuttl8@flavors.me,Male,193.158.105.193
766,Jordan,Randles,jrandlesl9@51.la,Female,73.254.222.20
767,Dorella,Campo,dcampola@51.la,Female,108.39.62.208
768,Gearalt,Breckin,gbreckinlb@adobe.com,Male,50.112.29.7
769,Hortense,Deeves,hdeeveslc@list-manage.com,Female,117.194.75.17
770,Dougie,Neilson,dneilsonld@uol.com.br,Male,57.159.64.155
771,Marnie,Fine,mfinele@ibm.com,Female,203.80.159.216
772,Dalston,Alvy,dalvylf@t.co,Male,68.226.231.99
773,Hoyt,Nealy,hnealylg@indiegogo.com,Male,128.225.84.113
774,Hussein,Dorton,hdortonlh@google.nl,Male,29.208.16.247
775,Callida,Sanson,csansonli@tinypic.com,Female,108.26.2.91
776,Reinaldos,Toye,rtoyelj@yellowpages.com,Male,238.167.67.224
777,Pavlov,Pfeffer,ppfefferlk@rakuten.co.jp,Male,159.155.157.6
778,Mellie,Furlong,mfurlongll@oracle.com,Female,110.160.173.51
779,Ryon,Whyatt,rwhyattlm@cafepress.com,Male,43.97.195.124
780,Maggi,Clutram,mclutramln@myspace.com,Female,148.181.13.65
781,Mariette,Rolinson,mrolinsonlo@nhs.uk,Female,110.24.165.131
782,Zachary,Palethorpe,zpalethorpelp@smugmug.com,Male,19.125.191.246
783,Emory,Crennell,ecrennelllq@diigo.com,Male,191.239.184.27
784,Lorie,Manger,lmangerlr@163.com,Female,132.147.30.179
785,Ardella,Jendas,ajendasls@ftc.gov,Female,39.63.1.11
786,Laird,Barrie,lbarrielt@imageshack.us,Male,76.73.63.116
787,Karim,Higgoe,khiggoelu@umich.edu,Male,37.231.202.236
788,Hasty,Backhouse,hbackhouselv@wikipedia.org,Male,38.199.134.108
789,Katey,Clapson,kclapsonlw@harvard.edu,Female,5.135.218.122
790,Neddy,Yitzovitz,nyitzovitzlx@privacy.gov.au,Male,139.212.157.229
791,Silvanus,Crosswaite,scrosswaitely@ow.ly,Male,48.74.85.109
792,Jedediah,Howgego,jhowgegolz@com.com,Male,90.24.9.12
793,Bab,Cavalier,bcavalierm0@omniture.com,Female,239.140.76.110
794,Katy,Kollas,kkollasm1@mac.com,Female,40.39.33.90
795,Sonnie,Ashbey,sashbeym2@github.io,Female,232.41.33.54
796,Katharine,Hicklingbottom,khicklingbottomm3@yolasite.com,Female,88.45.45.231
797,Sharona,McIlmorie,smcilmoriem4@ycombinator.com,Female,46.157.206.101
798,Aida,Binden,abindenm5@eventbrite.com,Female,19.223.113.162
799,Blondelle,Jagoe,bjagoem6@nba.com,Female,124.87.163.83
800,Travers,Matcham,tmatchamm7@slashdot.org,Male,57.94.238.33
801,Willow,Calderonello,wcalderonellom8@cbslocal.com,Female,86.244.118.46
802,Madison,Anstey,mansteym9@ft.com,Male,252.250.182.28
803,Bess,Soame,bsoamema@miibeian.gov.cn,Female,18.26.193.19
804,Dena,Prettyjohn,dprettyjohnmb@friendfeed.com,Female,208.144.144.27
805,Nealon,Ofen,nofenmc@bloglovin.com,Male,93.97.38.31
806,Justin,Lapere,jlaperemd@is.gd,Male,7.60.149.239
807,Eleonore,Hartland,ehartlandme@yellowpages.com,Female,189.31.139.106
808,Lindsy,Flahy,lflahymf@squarespace.com,Female,110.251.126.136
809,Blisse,Serridge,bserridgemg@paypal.com,Female,250.79.58.44
810,Ailsun,Rawdall,arawdallmh@google.com.hk,Female,186.109.203.189
811,Dominick,Rainville,drainvillemi@oracle.com,Male,152.140.78.213
812,Myrna,O'Shirine,moshirinemj@freewebs.com,Female,27.42.222.149
813,Cherise,Hue,chuemk@usda.gov,Female,209.26.19.205
814,Brina,Barrack,bbarrackml@amazon.co.uk,Female,83.40.147.96
815,Rozella,Yonnie,ryonniemm@imageshack.us,Female,60.15.47.215
816,Eudora,Caswell,ecaswellmn@berkeley.edu,Female,142.195.198.202
817,Torrin,Glacken,tglackenmo@wix.com,Male,3.92.26.101
818,Yetty,Wynrehame,ywynrehamemp@hao123.com,Female,129.137.246.225
819,Birgitta,Ravel,bravelmq@phoca.cz,Female,42.23.199.152
820,Jayme,Bisset,jbissetmr@dyndns.org,Male,125.80.66.58
821,Dael,Pamplin,dpamplinms@meetup.com,Female,123.26.27.233
822,Orsa,Monk,omonkmt@npr.org,Female,199.161.237.43
823,Kain,Simoncini,ksimoncinimu@cnet.com,Male,26.222.102.136
824,Corette,Joint,cjointmv@xinhuanet.com,Female,14.55.62.107
825,Northrup,Amphlett,namphlettmw@wix.com,Male,22.216.163.208
826,Laverna,Apfel,lapfelmx@un.org,Female,30.146.40.202
827,Nathaniel,Whordley,nwhordleymy@boston.com,Male,44.34.81.206
828,Salome,Evreux,sevreuxmz@webs.com,Female,246.151.219.202
829,Bab,Dericut,bdericutn0@xrea.com,Female,201.200.233.32
830,Dara,Di Biasi,ddibiasin1@diigo.com,Female,135.154.75.176
831,Ashlee,Barbisch,abarbischn2@google.co.uk,Female,145.105.16.8
832,Marquita,Byer,mbyern3@google.es,Female,51.36.71.136
833,Sloan,Swanborough,sswanboroughn4@microsoft.com,Male,179.226.221.172
834,Willy,Elsey,welseyn5@infoseek.co.jp,Female,186.216.169.201
835,Thorny,Searles,tsearlesn6@cargocollective.com,Male,82.182.50.148
836,Hayyim,Fallows,hfallowsn7@delicious.com,Male,43.118.229.180
837,Gweneth,Curston,gcurstonn8@zdnet.com,Female,91.208.178.74
838,Jarrid,Bendixen,jbendixenn9@github.com,Male,45.32.40.232
839,Tobin,Stanborough,tstanboroughna@ovh.net,Male,136.101.225.209
840,Deeanne,Hodcroft,dhodcroftnb@hatena.ne.jp,Female,19.130.14.47
841,Mikael,Heinish,mheinishnc@goodreads.com,Male,23.56.120.152
842,Yettie,Arnaudi,yarnaudind@lycos.com,Female,29.13.217.204
843,Micheil,Duly,mdulyne@hibu.com,Male,170.233.221.70
844,Chrotoem,Smissen,csmissennf@yahoo.co.jp,Male,103.221.222.119
845,Beale,Sherebrooke,bsherebrookeng@columbia.edu,Male,187.29.178.61
846,Lilla,Chrishop,lchrishopnh@jugem.jp,Female,62.205.56.11
847,Allan,Cristofano,acristofanoni@google.it,Male,122.40.82.26
848,Curtis,Solomonides,csolomonidesnj@illinois.edu,Male,81.62.32.20
849,Blair,Cowing,bcowingnk@indiegogo.com,Male,115.149.9.32
850,Onfre,Zouch,ozouchnl@huffingtonpost.com,Male,147.65.132.240
851,Alyse,Ralston,aralstonnm@soundcloud.com,Female,248.169.70.217
852,Betsy,Brommage,bbrommagenn@dyndns.org,Female,9.219.193.174
853,Wenda,Stening,wsteningno@nydailynews.com,Female,10.255.253.181
854,Heindrick,Crannach,hcrannachnp@macromedia.com,Male,24.31.147.76
855,Donny,Wildman,dwildmannq@discovery.com,Male,95.249.199.253
856,Kettie,Westfalen,kwestfalennr@mediafire.com,Female,173.242.140.9
857,Marco,Swatridge,mswatridgens@cpanel.net,Male,137.50.147.251
858,Amabel,Maseres,amaseresnt@fastcompany.com,Female,226.218.119.12
859,Cori,Ramalho,cramalhonu@stanford.edu,Female,176.54.164.79
860,Kim,Jewar,kjewarnv@slate.com,Female,23.19.86.215
861,Jessie,Girodier,jgirodiernw@time.com,Female,77.239.84.253
862,Pinchas,Mantram,pmantramnx@mapy.cz,Male,116.119.197.167
863,Carson,Tredger,ctredgerny@newsvine.com,Male,60.94.47.143
864,Corey,Maypother,cmaypothernz@rediff.com,Male,125.98.53.4
865,Kaitlin,Glazer,kglazero0@liveinternet.ru,Female,50.203.75.30
866,Lazare,Lartice,llarticeo1@sun.com,Male,87.181.163.211
867,Fulvia,Shmyr,fshmyro2@tuttocitta.it,Female,212.181.176.210
868,Con,Pimblett,cpimbletto3@goo.gl,Female,39.155.9.155
869,Yorker,Pipworth,ypipwortho4@hao123.com,Male,108.153.169.203
870,Rodrick,Jepp,rjeppo5@reddit.com,Male,6.8.204.72
871,Hallie,Peterkin,hpeterkino6@abc.net.au,Female,60.244.66.62
872,Viole,Hambridge,vhambridgeo7@mozilla.com,Female,1.117.18.61
873,Dee,Soonhouse,dsoonhouseo8@cnet.com,Female,122.30.65.194
874,Elbert,Phizaclea,ephizacleao9@1und1.de,Male,95.200.222.33
875,Neale,Cromarty,ncromartyoa@github.com,Male,230.253.253.146
876,Clarey,Trebilcock,ctrebilcockob@kickstarter.com,Female,114.188.7.15
877,Kenny,Alessandrini,kalessandrinioc@e-recht24.de,Male,112.200.41.154
878,Berny,De Lisle,bdelisleod@jiathis.com,Male,70.138.137.197
879,Toma,Vautin,tvautinoe@mayoclinic.com,Female,153.17.12.112
880,Cristiano,Costock,ccostockof@hhs.gov,Male,57.215.48.228
881,Morgan,Betser,mbetserog@reverbnation.com,Female,49.196.22.144
882,Netti,Jelks,njelksoh@tinyurl.com,Female,118.146.235.36
883,Erek,Duckering,educkeringoi@ovh.net,Male,206.214.234.163
884,Lin,Farrand,lfarrandoj@columbia.edu,Female,100.150.4.36
885,Electra,Cliburn,ecliburnok@tinypic.com,Female,170.244.240.246
886,Agathe,Caville,acavilleol@vkontakte.ru,Female,141.215.189.216
887,Nicolas,Beauvais,nbeauvaisom@drupal.org,Male,165.152.255.11
888,Ceil,Lade,cladeon@berkeley.edu,Female,13.117.91.45
889,Charin,Scarff,cscarffoo@constantcontact.com,Female,203.140.16.136
890,Aili,Sarfass,asarfassop@diigo.com,Female,251.111.106.67
891,Dosi,Flye,dflyeoq@phpbb.com,Female,235.55.66.71
892,Padriac,Rofe,profeor@yellowbook.com,Male,56.147.52.75
893,Millard,Pleasants,mpleasantsos@nyu.edu,Male,234.134.17.26
894,Kissee,Attewell,kattewellot@cbsnews.com,Female,16.129.222.163
895,Bertie,Eccleston,becclestonou@livejournal.com,Female,196.58.57.63
896,Danita,Cuncarr,dcuncarrov@360.cn,Female,129.167.129.220
897,Moira,Kiffin,mkiffinow@yellowpages.com,Female,151.7.15.191
898,Boy,Beidebeke,bbeidebekeox@histats.com,Male,63.16.135.42
899,Ugo,Madsen,umadsenoy@wiley.com,Male,197.127.239.51
900,Jennica,McGrail,jmcgrailoz@google.com,Female,136.3.121.15
901,Paige,O'Gormally,pogormallyp0@businessweek.com,Male,19.210.75.91
902,Kristopher,Lardge,klardgep1@netlog.com,Male,138.229.169.204
903,Olenolin,Cottem,ocottemp2@msn.com,Male,54.78.159.28
904,Vlad,Pressland,vpresslandp3@lulu.com,Male,14.30.206.15
905,Christye,Croal,ccroalp4@theglobeandmail.com,Female,140.197.129.147
906,Francois,O' Markey,fomarkeyp5@zimbio.com,Male,70.145.198.215
907,Garry,Bargery,gbargeryp6@facebook.com,Male,220.95.117.178
908,Walther,Fautley,wfautleyp7@ycombinator.com,Male,155.57.216.207
909,Zebadiah,Truitt,ztruittp8@opera.com,Male,65.139.113.94
910,Arlana,Dobbin,adobbinp9@ameblo.jp,Female,141.153.16.36
911,Gabriele,Keld,gkeldpa@163.com,Male,98.213.135.221
912,Thane,Maciaszczyk,tmaciaszczykpb@nydailynews.com,Male,14.136.40.213
913,Jedediah,Bawden,jbawdenpc@t.co,Male,185.128.71.236
914,Calla,McFadyen,cmcfadyenpd@youtube.com,Female,223.191.121.185
915,Kary,Pedrocchi,kpedrocchipe@liveinternet.ru,Female,159.175.186.38
916,Curt,Nutbeem,cnutbeempf@digg.com,Male,250.130.162.176
917,Moss,Kulic,mkulicpg@yolasite.com,Male,109.74.5.3
918,Glynis,Spooner,gspoonerph@si.edu,Female,216.219.24.10
919,Tresa,Grolmann,tgrolmannpi@rediff.com,Female,16.76.141.51
920,Elinor,Bilsland,ebilslandpj@typepad.com,Female,149.254.233.182
921,Jeniffer,Michelle,jmichellepk@sitemeter.com,Female,79.53.159.13
922,Isaiah,De Wolfe,idewolfepl@ameblo.jp,Male,201.17.242.120
923,Nikita,Cleft,ncleftpm@cnet.com,Male,94.173.128.3
924,Gloria,McKinty,gmckintypn@dmoz.org,Female,244.234.249.90
925,Sauveur,Hue,shuepo@barnesandnoble.com,Male,58.213.38.156
926,Nikos,Raymond,nraymondpp@nytimes.com,Male,44.18.82.10
927,Gaspar,Keveren,gkeverenpq@wired.com,Male,152.6.155.192
928,Karl,Stivens,kstivenspr@privacy.gov.au,Male,231.29.172.29
929,Carena,Lamkin,clamkinps@squarespace.com,Female,124.115.248.244
930,Rance,Luipold,rluipoldpt@deviantart.com,Male,189.187.121.232
931,Lester,Livzey,llivzeypu@state.tx.us,Male,224.39.14.8
932,Spence,Huddy,shuddypv@123-reg.co.uk,Male,253.139.63.222
933,Kipper,Cork,kcorkpw@infoseek.co.jp,Male,87.146.142.151
934,Nolly,Olivier,nolivierpx@dyndns.org,Male,87.156.59.53
935,Robbie,Bronger,rbrongerpy@live.com,Female,182.45.188.38
936,Tomasina,Steanyng,tsteanyngpz@msu.edu,Female,168.154.198.164
937,Theresa,Nathon,tnathonq0@omniture.com,Female,109.87.106.173
938,Hewie,Verdy,hverdyq1@is.gd,Male,105.118.59.65
939,Consalve,Cowburn,ccowburnq2@tripadvisor.com,Male,211.72.146.45
940,Alonso,Philpin,aphilpinq3@theglobeandmail.com,Male,109.36.162.0
941,Edan,Bosnell,ebosnellq4@hc360.com,Male,172.66.230.206
942,Hildagard,Donegan,hdoneganq5@mozilla.org,Female,95.77.173.233
943,Adamo,Gabbidon,agabbidonq6@parallels.com,Male,10.57.166.87
944,Devy,Courtois,dcourtoisq7@cornell.edu,Male,251.71.161.6
945,Wendy,Grundell,wgrundellq8@spotify.com,Female,81.200.67.134
946,Buck,Dowsett,bdowsettq9@hao123.com,Male,200.174.225.255
947,Israel,Hayzer,ihayzerqa@goo.gl,Male,83.99.242.60
948,Taite,Dytham,tdythamqb@redcross.org,Male,212.28.139.128
949,Cross,Walsh,cwalshqc@vinaora.com,Male,130.35.116.125
950,Reed,Bagworth,rbagworthqd@china.com.cn,Male,158.47.137.118
951,Joletta,Graveson,jgravesonqe@wordpress.com,Female,64.1.64.202
952,Guillemette,Dragon,gdragonqf@de.vu,Female,133.109.159.203
953,Lew,Doog,ldoogqg@msn.com,Male,68.61.21.120
954,Mitchel,Haistwell,mhaistwellqh@devhub.com,Male,62.195.141.239
955,Rodrique,Aronson,raronsonqi@addthis.com,Male,231.13.185.73
956,Mella,Skurm,mskurmqj@hp.com,Female,89.177.71.189
957,Zack,Allsup,zallsupqk@so-net.ne.jp,Male,53.73.29.174
958,Norby,Barrass,nbarrassql@java.com,Male,13.76.64.160
959,Ninnette,Caddens,ncaddensqm@naver.com,Female,27.133.173.127
960,Chen,Grigorey,cgrigoreyqn@wisc.edu,Male,234.82.211.84
961,Rutger,Muckle,rmuckleqo@smugmug.com,Male,37.252.58.211
962,Farrah,Wickstead,fwicksteadqp@berkeley.edu,Female,146.37.106.102
963,Ula,Sherebrooke,usherebrookeqq@example.com,Female,73.216.50.80
964,Jessie,Vasilic,jvasilicqr@live.com,Male,120.66.226.198
965,Malynda,MacVay,mmacvayqs@dot.gov,Female,58.123.19.41
966,Karlik,Gylle,kgylleqt@state.gov,Male,139.247.101.33
967,Lester,McDonnell,lmcdonnellqu@tinyurl.com,Male,63.166.140.167
968,Archer,Apthorpe,aapthorpeqv@indiatimes.com,Male,91.144.55.140
969,Elbertine,Sawney,esawneyqw@ow.ly,Female,161.112.38.63
970,Selestina,Covotti,scovottiqx@army.mil,Female,122.37.178.146
971,Morrie,Clulow,mclulowqy@photobucket.com,Male,179.107.248.103
972,Magda,Murrhaupt,mmurrhauptqz@biglobe.ne.jp,Female,113.75.223.124
973,Stephanie,Aburrow,saburrowr0@tripadvisor.com,Female,128.196.26.218
974,Care,Grzelewski,cgrzelewskir1@tiny.cc,Male,207.10.154.68
975,Tobie,Keming,tkemingr2@xrea.com,Male,133.51.26.81
976,Danie,Bernetti,dbernettir3@pcworld.com,Male,149.38.0.51
977,Sebastiano,Perton,spertonr4@nytimes.com,Male,163.169.133.250
978,Tab,Tillett,ttillettr5@paginegialle.it,Male,40.231.125.2
979,Blayne,Melwall,bmelwallr6@hexun.com,Male,152.107.113.202
980,Maura,Blazewicz,mblazewiczr7@ucla.edu,Female,93.24.157.190
981,Yule,Pountney,ypountneyr8@paypal.com,Male,106.234.70.147
982,Estelle,Perillo,eperillor9@163.com,Female,81.151.158.25
983,Jarrett,Izakov,jizakovra@state.gov,Male,108.27.246.5
984,Shaw,Treby,strebyrb@geocities.com,Male,28.173.3.28
985,Rosette,Tinmouth,rtinmouthrc@simplemachines.org,Female,169.112.225.192
986,Levey,Simmig,lsimmigrd@uol.com.br,Male,105.187.219.64
987,Mirabelle,Stenson,mstensonre@i2i.jp,Female,13.62.177.50
988,Cosmo,Booty,cbootyrf@examiner.com,Male,56.196.88.7
989,Yance,O'Doireidh,yodoireidhrg@hubpages.com,Male,8.96.36.200
990,Ritchie,Gallyon,rgallyonrh@paginegialle.it,Male,222.32.93.252
991,Godfry,Synnott,gsynnottri@nyu.edu,Male,134.102.226.12
992,Farley,Alabone,falabonerj@unblog.fr,Male,228.213.207.187
993,Bert,Scurrah,bscurrahrk@cbslocal.com,Male,151.117.110.140
994,Chrisy,Creighton,ccreightonrl@china.com.cn,Male,80.131.209.4
995,Dionisio,Romaint,dromaintrm@sbwire.com,Male,219.222.37.34
996,Birk,Davydenko,bdavydenkorn@51.la,Male,79.154.146.195
997,Earl,Simonetti,esimonettiro@disqus.com,Male,9.24.19.119
998,Anson,Girardet,agirardetrp@moonfruit.com,Male,25.183.176.154
999,Judd,McIlreavy,jmcilreavyrq@mit.edu,Male,62.0.206.13
1000,Fredi,Bengle,fbenglerr@quantcast.com,Female,122.164.56.210
